{"cameraMode":{"drawMode":0,"name":"Shaded","section":"Shading Mode"},"sceneLighting":false,"audioPlay":false,"sceneViewState":{"m_AlwaysRefresh":false,"showFog":true,"showSkybox":false,"showFlares":true,"showImageEffects":true,"showParticleSystems":true,"showVisualEffectGraphs":true,"m_FxEnabled":true},"in2DMode":false,"pivot":{"x":18.228809356689454,"y":7.958340167999268,"z":-26.273357391357423},"rotation":{"x":-0.014049908146262169,"y":0.9737138152122498,"z":-0.21856914460659028,"w":-0.06259781122207642},"size":12.920599937438965,"orthographic":false}